id;slug;title;timezone
e6bad52e-d15d-4b75-b8fd-7cebabe27758;aggregate;capacitor Customizable generate;Salad Monaco
edae032a-4e4c-4076-be15-80ea75c21986;Savings Account;Unbranded Fresh Towels Auto Loan Account;Future Functionality
56d4df81-e5a8-4991-beab-9651139c79cd;Officer transparent;Checking Account Personal Loan Account Virginia;generate Libyan Dinar
3bc5fbd0-f1cf-4160-9f02-6b9022945b96;content black;India circuit payment;IB Director
8df8fa84-0919-4bfd-a351-a2e33fae1f3f;Unbranded override;Argentine Peso;real-time Corporate quantifying
ce8cbb01-f055-449a-8d69-300b945e906d;Seychelles Rupee;Program reboot;leading-edge interactive
17cdea1f-1b2d-4357-8983-e90615c342fd;forecast primary;Concrete Automotive;wireless Electronics
ffe6b07f-ada4-4731-a589-cd244e280313;Soft;Roads Wooden Computers;haptic Strategist
763d6ad4-e504-440d-970b-48c68bdca506;override multi-byte Ball;Gloves Frozen;Vision-oriented
c67f5dcd-e168-46c8-bd0e-791a633277f5;solid state next generation reintermediate;magenta;e-markets
