id;url;quest_id
b54a5380-6f70-4ac8-a84a-40fcd4c486fa;https://mir-kvestov.ru/uploads/quests/2086/large/grimteam_belyi_shum_photo1.jpg?1602485884;49b9a375-d524-49be-8fd4-dec7820fa1a2
dc9654f9-fec5-481f-b040-ae1c6a5e35e0;https://mir-kvestov.ru/uploads/quests/2086/large/grimteam_belyi_shum_photo2.jpg?1602485885;49b9a375-d524-49be-8fd4-dec7820fa1a2
f20b9fd8-e4c3-40d8-bfd8-6f82b9d2f7d3;https://mir-kvestov.ru/uploads/quests/14709/large/questreality_puteshestvie_na_glubinu_photo1.jpg?1602679632;f5dc4b79-0bbb-4d21-a0da-3e691f4332a6
ec9ba2f5-9ce6-4fa4-9eae-dbfc0cba327c;https://mir-kvestov.ru/uploads/quests/14709/large/questreality_puteshestvie_na_glubinu_photo2.jpg?1602679633;f5dc4b79-0bbb-4d21-a0da-3e691f4332a6
9cf9aa19-3a28-435b-b3ed-e95167b5e3a6;https://mir-kvestov.ru/uploads/quests/14709/large/questreality_puteshestvie_na_glubinu_photo3.jpg?1602679634;f5dc4b79-0bbb-4d21-a0da-3e691f4332a6
171daefb-c319-4ecf-88ac-d8a9bddeaf47;https://mir-kvestov.ru/uploads/quests/14709/large/questreality_puteshestvie_na_glubinu_photo4.jpg?1602679635;f5dc4b79-0bbb-4d21-a0da-3e691f4332a6
2836c917-0caf-448f-a570-41d3990bdf5d;https://mir-kvestov.ru/uploads/quests/14709/large/questreality_puteshestvie_na_glubinu_photo5.jpg?1602679636;f5dc4b79-0bbb-4d21-a0da-3e691f4332a6
8661df6f-2ef4-4d8b-8ceb-9a07d2d3550e;https://mir-kvestov.ru/uploads/quests/7134/large/%D0%BC%D0%B5%D1%87.jpg?1510559482;b844e5b7-47b6-4522-b68a-d0391e65a27d
e0a3aa83-2e51-4a54-8323-1feb14b0a48e;https://mir-kvestov.ru/uploads/quests/7134/large/trikvestr_mech_korolya_artura_photo2.jpg?1501746242;b844e5b7-47b6-4522-b68a-d0391e65a27d
234ae1d3-d355-4020-ac47-d4ee6f78a7cb;https://mir-kvestov.ru/uploads/quests/14843/large/indiequest_lovushka_dlya_sherloka_photo1.jpg?1608712815;ada2a66c-e789-4bee-b4d3-6d4e216b4b70
6f3b3f3d-a652-4441-8e4d-9219a826a753;https://mir-kvestov.ru/uploads/quests/14843/large/indiequest_lovushka_dlya_sherloka_photo2.jpg?1603093709;ada2a66c-e789-4bee-b4d3-6d4e216b4b70
35b1b46a-bc87-49f2-b6e0-c0df5eef1fd8;https://mir-kvestov.ru/uploads/quests/14843/large/indiequest_lovushka_dlya_sherloka_photo3.jpg?1601898631;ada2a66c-e789-4bee-b4d3-6d4e216b4b70
61c7b378-a4c7-45f2-9647-b628e33ae22a;https://mir-kvestov.ru/uploads/quests/14843/large/indiequest_lovushka_dlya_sherloka_photo4.jpg?1608712816;ada2a66c-e789-4bee-b4d3-6d4e216b4b70
1cad6017-85f2-4b39-a614-2e90a6354ce1;https://mir-kvestov.ru/uploads/quests/9250/large/grimteam_bsh_2_elektrozavod_photo1.jpg?1600332478;247b40ff-4850-4da9-8f21-7dd82257551b
2294172d-0e39-4ce7-9332-2a17a2cf22ce;https://mir-kvestov.ru/uploads/quests/9250/large/%D0%9F%D0%B0%D0%BD%D0%BE%D1%80%D0%B0%D0%BC%D0%B0_%D0%B1%D0%B5%D0%B7_%D0%BD%D0%B0%D0%B7%D0%B2%D0%B0%D0%BD%D0%B8%D1%8F2.jpg?1528119690;247b40ff-4850-4da9-8f21-7dd82257551b
604815bd-4f81-419c-896c-f9435a277582;https://mir-kvestov.ru/uploads/quests/9250/large/%D0%9F%D0%B0%D0%BD%D0%BE%D1%80%D0%B0%D0%BC%D0%B0_%D0%B1%D0%B5%D0%B7_%D0%BD%D0%B0%D0%B7%D0%B2%D0%B0%D0%BD%D0%B8%D1%8F1.jpg?1528118345;247b40ff-4850-4da9-8f21-7dd82257551b
aae1a4c4-611d-49ad-baac-e523f56b6d3c;https://mir-kvestov.ru/uploads/quests/9250/large/%D0%9F%D0%B0%D0%BD%D0%BE%D1%80%D0%B0%D0%BC%D0%B0_%D0%B1%D0%B5%D0%B7_%D0%BD%D0%B0%D0%B7%D0%B2%D0%B0%D0%BD%D0%B8%D1%8F3.jpg?1533124864;247b40ff-4850-4da9-8f21-7dd82257551b
88090183-5c54-4458-a475-053a6d544a4e;https://mir-kvestov.ru/uploads/quests/1230/large/kompas_stalker_photo1.jpg?1545658171;1ee5934b-207f-4134-945d-8a66177b207f
4e4e9dd1-2292-44bb-8508-b2a922216f9e;https://mir-kvestov.ru/uploads/quests/1230/large/kompas_stalker_photo2.jpeg?1545551543;1ee5934b-207f-4134-945d-8a66177b207f
679691d7-7361-49c2-9f21-a2bec588ae6b;https://mir-kvestov.ru/uploads/quests/1230/large/kompas_stalker_photo3.jpg?1545658172;1ee5934b-207f-4134-945d-8a66177b207f
