id;slug;title
b59ad315-b581-46e5-a254-108214b10c97;infrastructure brand Cocos (Keeling) Islands;New Leu calculating Louisiana
3c470bc1-c143-41c1-847b-dc243f317cea;protocol reciprocal transmitting;maximize model Cambridgeshire
09555e63-2ca9-4ea6-86ae-c20d26872c86;Quality Cambridgeshire Credit Card Account;Generic zero defect deposit
482e1cb7-4318-442e-bdc3-d7ed470587ba;Buckinghamshire primary;budgetary management copying quantify
35d02f03-0e7f-43c7-8b27-745119733018;Cotton paradigms;Way
911a90c0-3d5b-4088-a397-aa891ad9dd3c;context-sensitive Rubber Health;Guinea Concrete
63b5b3e1-6d06-44dd-b421-cdeab7e7235b;bottom-line 24/7;Metal Home Loan Account
42d2c78b-f45d-487b-b1dc-4d65be522b76;generating;Ouguiya Florida
9b9d6403-6d34-4d4f-9e05-16f48c60a1bf;world-class synergistic;Computers Human
3fa82b2c-14a3-4603-9ee1-fdbf8db10631;Kip EXE indexing;Personal Loan Account
